linie;bahnhof;fahrzeit_min;lat;lon
GTFS;München Hackerbrücke;1;48.14197;11.54857
GTFS;München Karlsplatz;1;48.13945;11.56562
GTFS;München Donnersbergerbrücke;2;48.14262;11.53654
GTFS;München Hbf (tief);2;48.14117;11.56049
GTFS;München Marienplatz;2;48.13705;11.57539
GTFS;München Hirschgarten;4;48.14354;11.51924
GTFS;München Isartor;4;48.13420;11.58323
GTFS;München Heimeranplatz;5;48.13296;11.53150
GTFS;München Rosenheimer Platz;5;48.12917;11.59305
GTFS;München-Pasing;5;48.14985;11.46187
GTFS;München Harras;6;48.11775;11.53631
GTFS;München-Laim;6;48.14437;11.50367
GTFS;München-Moosach;6;48.18026;11.50624
GTFS;München Ost;7;48.12744;11.60497
GTFS;München Leuchtenbergring;8;48.13425;11.61599
GTFS;München-Fasanerie;9;48.19781;11.52592
GTFS;München-Mittersendling;9;48.10782;11.53635
GTFS;München Leienfelsstr.;10;48.15454;11.42852
GTFS;München Siemenswerke;10;48.09450;11.53280
GTFS;München-Obermenzing;10;48.16422;11.47812
GTFS;Dachau Bahnhof;11;48.25465;11.44426
GTFS;München-Berg am Laim;11;48.13400;11.63330
GTFS;München-Feldmoching;11;48.21381;11.54132
GTFS;München St.Martin-Str.;12;48.11854;11.59578
GTFS;München-Aubing;12;48.15597;11.41331
GTFS;München-Westkreuz;12;48.14903;11.44394
GTFS;Gauting;13;48.07066;11.37615
GTFS;München-Langwied;13;48.16311;11.43251
GTFS;München-Solln;13;48.07992;11.52695
GTFS;München-Untermenzing;13;48.17767;11.47279
GTFS;München-Giesing;14;48.11080;11.59635
GTFS;München-Riem;15;48.14398;11.67805
GTFS;Oberschleißheim;15;48.25722;11.55783
GTFS;Puchheim;15;48.17218;11.35306
GTFS;Großhesselohe Isartalbf;16;48.07107;11.53094
GTFS;Lochham;16;48.12825;11.43089
GTFS;München-Allach;16;48.18993;11.46804
GTFS;München-Neuaubing;16;48.14171;11.42220
GTFS;München-Trudering;16;48.12606;11.66338
GTFS;Unterschleißheim;16;48.27370;11.56863
GTFS;München-Daglfing;17;48.14962;11.64933
GTFS;München-Fasangarten;17;48.09275;11.60601
GTFS;München-Lochhausen;17;48.17651;11.40789
GTFS;Petershausen(Obb);17;48.41345;11.46988
GTFS;Starnberg;17;47.99596;11.34367
GTFS;Stockdorf;17;48.09326;11.40085
GTFS;Eichenau(Oberbay);18;48.17932;11.32828
GTFS;Mammendorf;18;48.21683;11.17462
GTFS;München-Karlsfeld;18;48.21118;11.45957
GTFS;Pullach;18;48.05898;11.52185
GTFS;Deisenhofen;19;48.01954;11.58360
GTFS;Gräfelfing;19;48.11977;11.42557
GTFS;München-Englschalking;19;48.15691;11.64833
GTFS;München-Freiham;19;48.14000;11.41011
GTFS;Planegg;19;48.10531;11.41356
GTFS;Fasanenpark;20;48.07971;11.60938
GTFS;Feldkirchen(b München);20;48.15185;11.73210
GTFS;Gronsdorf;20;48.11840;11.69862
GTFS;Gröbenzell;20;48.19492;11.37411
GTFS;Harthaus;20;48.13350;11.38787
GTFS;Höllriegelskreuth;20;48.04345;11.50975
GTFS;München-Perlach;20;48.09343;11.63121
GTFS;Lohhof;21;48.28794;11.58081
GTFS;München-Johanneskirchen;21;48.16764;11.64606
GTFS;Buchenhain;22;48.03125;11.49744
GTFS;Fürstenfeldbruck;22;48.17166;11.26215
GTFS;Grafing Bahnhof;22;48.04322;11.94042
GTFS;Haspelmoor;22;48.22326;11.09878
GTFS;Heimstetten;22;48.15876;11.75966
GTFS;München-Neuperlach Süd;22;48.08868;11.64518
GTFS;Unterhaching;22;48.06496;11.61236
GTFS;Freising;23;48.39520;11.74454
GTFS;Germering-Unterpfaffenhofen;23;48.12887;11.36402
GTFS;Haar;23;48.11141;11.73115
GTFS;Olching;23;48.20999;11.33560
GTFS;Eching;24;48.30299;11.61675
GTFS;Mering;24;48.26270;10.98829
GTFS;Otterfing;24;47.91139;11.68212
GTFS;Unterföhring;24;48.19031;11.64677
GTFS;Althegnenberg;25;48.23637;11.06300
GTFS;Baierbrunn;25;48.01874;11.48003
GTFS;Buchenau(Oberbay);25;48.16028;11.22450
GTFS;Grub(Oberbay);25;48.16452;11.78256
GTFS;Holzkirchen;25;47.88438;11.69723
GTFS;Neubiberg;25;48.07585;11.66022
GTFS;Paindorf;25;48.44268;11.48726
GTFS;Taufkirchen;25;48.05155;11.60925
GTFS;Vaterstetten;25;48.10411;11.76438
GTFS;Esting;26;48.21220;11.31732
GTFS;Markt Schwaben;26;48.19361;11.86209
GTFS;Pfaffenhofen(Ilm);26;48.52243;11.51188
GTFS;Tutzing;26;47.90714;11.27289
GTFS;Augsburg Hbf;27;48.36544;10.88557
GTFS;Baldham;27;48.09925;11.78678
GTFS;Geisenbrunn;27;48.10916;11.32485
GTFS;Hebertshausen;27;48.29111;11.45549
GTFS;Mering-St Afra;27;48.27428;10.97120
GTFS;Neufahrn(b Freising);27;48.32164;11.66126
GTFS;Poing;27;48.17133;11.80944
GTFS;Reichertshausen(Ilm);27;48.47120;11.51020
GTFS;Aßling(Oberbay);28;47.98949;11.99352
GTFS;Dachau Stadt;28;48.26666;11.43976
GTFS;Furth(b Deisenhofen);28;48.03552;11.59328
GTFS;Gernlinden;28;48.21276;11.30038
GTFS;Ismaning;28;48.22601;11.67949
GTFS;Marzling;28;48.41040;11.80011
GTFS;Ottobrunn;28;48.06369;11.67779
GTFS;Hohenschäftlarn;29;47.99130;11.45751
GTFS;Schöngeising;29;48.14737;11.19205
GTFS;Augsburg Haunstetterstraße;30;48.35529;10.90099
GTFS;Gilching-Argelsried;30;48.10567;11.29960
GTFS;Hohenbrunn;30;48.04657;11.69887
GTFS;Kissing;30;48.30092;10.95955
GTFS;Zorneding;30;48.08960;11.83246
GTFS;Ebenhausen-Schäftlarn;31;47.97869;11.45361
GTFS;Kirchseeon;31;48.07090;11.88725
GTFS;Maisach;31;48.21415;11.25639
GTFS;Röhrmoos;31;48.33332;11.44477
GTFS;Bernried;32;47.86138;11.28366
GTFS;Darching;32;47.87080;11.77725
GTFS;Geltendorf;32;48.10599;11.03745
GTFS;Grafrath;32;48.13209;11.15326
GTFS;Langenbach(Oberbay);32;48.43809;11.85285
GTFS;Neugilching;32;48.09896;11.28867
GTFS;Pulling(b Freising);32;48.36339;11.70708
GTFS;Starnberg Nord;32;48.00597;11.34739
GTFS;Augsburg-Hochzoll;33;48.35298;10.94338
GTFS;Bachern;33;48.28016;11.37872
GTFS;Eglharting;33;48.08235;11.86429
GTFS;Moosburg;33;48.47033;11.93038
GTFS;Ostermünchen;33;47.94215;12.04159
GTFS;Rohrbach(Ilm);33;48.60658;11.57333
GTFS;Sauerlach;33;47.97406;11.65477
GTFS;Wächterhof;33;48.03357;11.71273
GTFS;Feldafing;34;47.94694;11.29022
GTFS;Vierkirchen-Esterhofen;34;48.36112;11.44511
GTFS;Hallbergmoos;35;48.30917;11.71433
GTFS;Höhenkirchen-Siegertsbrunn;35;48.01846;11.71923
GTFS;Icking;35;47.95325;11.43665
GTFS;Warngau;35;47.83357;11.70947
GTFS;Weilheim(Oberbay);35;47.84536;11.14286
GTFS;Malching(Oberbay);36;48.21545;11.21906
GTFS;Ottenhofen(Oberbay);36;48.21814;11.87938
GTFS;Weßling(Oberbay);36;48.07737;11.25177
GTFS;Possenhofen;37;47.96196;11.30648
GTFS;Schwabhausen(b Dachau);37;48.30052;11.36476
GTFS;Seeshaupt;37;47.82278;11.28703
GTFS;Großkarolinenfeld;38;47.88883;12.08482
GTFS;Rosenheim;38;47.85002;12.11920
GTFS;Dorfen Bahnhof;39;48.26705;12.15969
GTFS;Dürrnhaar;39;47.99395;11.73661
GTFS;Kreuzstraße;39;47.91649;11.75901
GTFS;Miesbach;40;47.79083;11.83082
GTFS;München Flughafen Besucherpark;40;48.35210;11.76418
GTFS;Niederroth;40;48.32093;11.39004
GTFS;Schaftlach;40;47.79547;11.68412
GTFS;Wolfratshausen;40;47.91443;11.42720
GTFS;Kaufering;41;48.08108;10.85491
GTFS;Steinebach;41;48.06118;11.20681
GTFS;Aying;42;47.96876;11.76958
GTFS;München Flughafen Terminal;42;48.35373;11.78597
GTFS;Augsburg-Oberhausen;43;48.38077;10.87253
GTFS;Bruckberg;43;48.51598;11.99778
GTFS;Huglfing;43;47.77674;11.14055
GTFS;Landshut(Bay)Hbf;43;48.54749;12.13593
GTFS;Türkenfeld;43;48.10473;11.07728
GTFS;Agatharied;44;47.76561;11.82447
GTFS;Markt Indersdorf;44;48.35239;11.37845
GTFS;Seefeld-Hechendorf;44;48.04137;11.19873
GTFS;Ingolstadt Hbf;45;48.74454;11.43734
GTFS;Altenerding;46;48.29357;11.90174
GTFS;Buchloe;46;48.03372;10.71622
GTFS;Gündlkofen;46;48.52616;12.03364
GTFS;Iffeldorf;46;47.78206;11.32902
GTFS;Schwindegg;46;48.27319;12.24970
GTFS;Westerham;46;47.90389;11.82848
GTFS;Grafing Stadt;47;48.04722;11.96276
GTFS;Hausham;47;47.75041;11.84026
GTFS;Murnau;47;47.68227;11.19263
GTFS;Penzberg;47;47.74925;11.37187
GTFS;Arnbach;48;48.34132;11.34404
GTFS;Baar-Ebenhausen;48;48.67494;11.46009
GTFS;Reichersbeuern;48;47.77464;11.63598
GTFS;Moosrain;49;47.76757;11.72055
GTFS;Uffing a Staffelsee;49;47.72015;11.15895
GTFS;Erding;50;48.30346;11.91206
GTFS;Raubling;50;47.78851;12.11015
GTFS;Bruckmühl;51;47.88082;11.91553
GTFS;Ebersberg(Oberbay);51;48.07497;11.97024
GTFS;Erdweg;51;48.33374;11.30330
GTFS;Finsterwald;51;47.75289;11.72818
GTFS;Herrsching;51;47.99885;11.17057
GTFS;Schliersee;51;47.73558;11.85959
GTFS;Thann-Matzbach;51;48.26651;12.04746
GTFS;Bichl;52;47.72382;11.40877
GTFS;Feldolling;52;47.89534;11.85224
GTFS;Bad Tölz;53;47.76058;11.57394
GTFS;Neusäß;53;48.39439;10.83352
GTFS;Türkheim(Bay)Bf;53;48.04569;10.61744
GTFS;Ampfing;54;48.25395;12.41092
GTFS;Heufeldmühle;54;47.87755;11.93436
GTFS;Meitingen;54;48.54600;10.84805
GTFS;Benediktbeuern;55;47.70912;11.40305
GTFS;Brannenburg;55;47.74136;12.10646
GTFS;Gmund(Tegernsee);55;47.74951;11.73487
GTFS;Ingolstadt Nord;55;48.77369;11.43225
GTFS;Kleinberghofen;55;48.35405;11.27548
GTFS;Bad Endorf;56;47.90507;12.30156
GTFS;Gersthofen;56;48.42302;10.86119
GTFS;Hinrichssegen;56;47.87442;11.95066
GTFS;Westheim(Schwab);56;48.38599;10.81823
GTFS;Ergoldsbach;57;48.69387;12.20187
GTFS;Heufeld;57;47.87120;11.96738
GTFS;Walpertskirchen;57;48.26087;11.97042
GTFS;Flintsbach;58;47.72425;12.12802
GTFS;Gaißach;58;47.73747;11.57540
GTFS;Nordendorf;58;48.59343;10.83731
GTFS;Diedorf(Schwab);59;48.35609;10.77682
GTFS;Mindelheim;59;48.04492;10.50163
GTFS;Altomünster;60;48.38492;11.25513
GTFS;Bad Aibling;60;47.86203;12.00416
GTFS;Gablingen;60;48.46342;10.85075
GTFS;Wörth(Isar);60;48.62418;12.33292
GTFS;Hörlkofen;61;48.24259;11.94234
GTFS;Bad Aibling Kurpark;62;47.85762;12.01382
GTFS;Fischhausen-Neuhaus;62;47.70626;11.87328
GTFS;Ingolstadt Audi;62;48.79050;11.40746
GTFS;Obergries;62;47.70754;11.56353
GTFS;Ohlstadt;62;47.63409;11.21807
GTFS;Prien am Chiemsee;62;47.85522;12.34698
GTFS;Rammingen(Bay);62;48.05244;10.58979
GTFS;Langweid(Lech);63;48.49045;10.84797
GTFS;Mühldorf(Oberbay);63;48.24821;12.51964
GTFS;Oberaudorf;63;47.65279;12.17526
GTFS;Tegernsee;63;47.71448;11.75662
GTFS;Gessertshausen;64;48.33371;10.73238
GTFS;Kochel;64;47.66065;11.37099
GTFS;Merching;64;48.24577;10.97940
GTFS;Mertingen Bahnhof;64;48.66097;10.82475
GTFS;Gaimersheim;65;48.79879;11.36979
GTFS;Eschenlohe;66;47.60175;11.18794
GTFS;Lenggries;66;47.68039;11.57354
GTFS;Bernau a Chiemsee;67;47.81648;12.38096
GTFS;Herbertshofen;67;48.52953;10.84803
GTFS;Kinding(Altmühltal);67;48.99138;11.37850
GTFS;Kolbermoor;67;47.85193;12.06415
GTFS;Kufstein;67;47.58308;12.16555
GTFS;Schmiechen(Schwab);67;48.21305;10.97809
GTFS;Dingolfing;68;48.64160;12.48687
GTFS;Kiefersfelden;68;47.60984;12.19054
GTFS;Eitensheim;69;48.81598;11.31926
GTFS;Fischbachau;69;47.70565;11.93354
GTFS;Rosenheim Aicherpark;69;47.85165;12.08947
GTFS;Donauwörth;70;48.71403;10.77144
GTFS;Egling;70;48.19087;10.97650
GTFS;Garmisch-Partenkirchen;70;47.49145;11.09701
GTFS;Kaufbeuren;70;47.87543;10.62950
GTFS;Kutzenhausen;70;48.33477;10.69634
GTFS;Ulm Hbf;71;48.39940;9.98261
GTFS;Oberau;72;47.55927;11.13927
GTFS;Töging(Inn);72;48.25901;12.59487
GTFS;Geitau;73;47.69389;11.96640
GTFS;Tauberfeld;73;48.81924;11.27569
GTFS;Westendorf;73;48.57185;10.84337
GTFS;Übersee;73;47.82205;12.48734
GTFS;Eggmühl;74;48.83650;12.18219
GTFS;Memmingen;74;47.98558;10.18685
GTFS;Biessenhofen;75;47.82996;10.64047
GTFS;Farchant;75;47.53097;11.11486
GTFS;Walleshausen;75;48.15022;10.98100
GTFS;Dinkelscherben;76;48.34222;10.58800
GTFS;Osterhofen(Oberbay);76;47.68766;11.98688
GTFS;Adelschlag;77;48.84076;11.21144
GTFS;Stetten(Schwab);77;48.02766;10.43604
GTFS;Traunstein;77;47.86973;12.63880
GTFS;Landau(Isar);78;48.68289;12.69506
GTFS;Neuötting;78;48.26116;12.69043
GTFS;Bergen(Oberbay);79;47.82527;12.59285
GTFS;Bayrischzell;80;47.67554;12.01116
GTFS;Tannheim(Württ);81;47.99495;10.09692
GTFS;Allersberg(Rothsee);82;49.26213;11.21257
GTFS;Eichstätt Bahnhof;82;48.86988;11.16365
GTFS;Freihalden;83;48.38470;10.50220
GTFS;Otting-Weilheim;83;48.88087;10.81893
GTFS;Regensburg Hbf;83;49.01167;12.09962
GTFS;Bäumenheim;84;48.68033;10.80997
GTFS;Sontheim(Schwab);84;48.01181;10.34694
GTFS;Wallersdorf;84;48.74064;12.74346
GTFS;Klais;86;47.48303;11.23859
GTFS;Marstetten-Aitrach;86;47.94356;10.08017
GTFS;St Ottilien;86;48.09454;11.04839
GTFS;Günzach;87;47.81960;10.43956
GTFS;Jettingen;87;48.39912;10.44547
GTFS;Marktl;87;48.25670;12.85248
GTFS;Dollnstein;89;48.87143;11.07901
GTFS;Burgau(Schwab);90;48.42480;10.42701
